label,seed,bgKbps,delayMs,duration,eventAngleDeg,eventDist,heartbeatMs,jitterMs,linkMbps,loss,maxAgeMs,mode,n,offsetMs,policy,queuePkts,rateHz,tx_state,rx_state,expected_rx,pdr,drop_rate_rx_error,drop_rate_queue,undelivered,lat_mean_ms,lat_p50_ms,lat_p95_ms,lat_max_ms,bg_drops,overhead_pkts_per_s,overhead_payload_Bps,overhead_ip_Bps,msg_applied,msg_stale,msg_out_of_order,msg_duplicate,aoi_mean_s,aoi_pairs_never_updated,gap_err_mean_m,gap_err_rms_m,gap_err_max_m,belief_err_mean_m,gap_err_excess_m,dev_from_ref_mean_m
jitterMs=0,1,0,0.1,60,10.0,0.1,1000.0,0,2,0,1000.0,trace,3,10.0,periodic,100,10,1800,3600,3600,1.0,0.0,0.0,0,0.436,0.436,0.436,0.436,0,30.0,1680.0,2520.0,3600,0,0,0,0.051991753202203915,0,0.06490800545454545,0.07278003091520491,0.1742,0.026480481818181814,0.0058041636363636295,0.06825720488461813
jitterMs=0,2,0,0.1,60,10.0,0.1,1000.0,0,2,0,1000.0,trace,3,10.0,periodic,100,10,1800,3600,3600,1.0,0.0,0.0,0,0.436,0.436,0.436,0.436,0,30.0,1680.0,2520.0,3600,0,0,0,0.051991753202203915,0,0.06490800545454545,0.07278003091520491,0.1742,0.026480481818181814,0.0058041636363636295,0.06825720488461813
jitterMs=0,3,0,0.1,60,10.0,0.1,1000.0,0,2,0,1000.0,trace,3,10.0,periodic,100,10,1800,3600,3600,1.0,0.0,0.0,0,0.436,0.436,0.436,0.436,0,30.0,1680.0,2520.0,3600,0,0,0,0.051991753202203915,0,0.06490800545454545,0.07278003091520491,0.1742,0.026480481818181814,0.0058041636363636295,0.06825720488461813
jitterMs=0,4,0,0.1,60,10.0,0.1,1000.0,0,2,0,1000.0,trace,3,10.0,periodic,100,10,1800,3600,3600,1.0,0.0,0.0,0,0.436,0.436,0.436,0.436,0,30.0,1680.0,2520.0,3600,0,0,0,0.051991753202203915,0,0.06490800545454545,0.07278003091520491,0.1742,0.026480481818181814,0.0058041636363636295,0.06825720488461813
jitterMs=0,5,0,0.1,60,10.0,0.1,1000.0,0,2,0,1000.0,trace,3,10.0,periodic,100,10,1800,3600,3600,1.0,0.0,0.0,0,0.436,0.436,0.436,0.436,0,30.0,1680.0,2520.0,3600,0,0,0,0.051991753202203915,0,0.06490800545454545,0.07278003091520491,0.1742,0.026480481818181814,0.0058041636363636295,0.06825720488461813
jitterMs=25,1,0,0.1,60,10.0,0.1,1000.0,25,2,0,1000.0,trace,3,10.0,periodic,100,10,1800,3600,3600,1.0,0.0,0.0,0,12.710045163055556,12.686681499999999,24.03596055,25.434927,0,30.0,1680.0,2520.0,3600,0,0,0,0.06370474242610051,0,0.10356674,0.11302171941638635,0.2309,0.03019963090909091,0.044462898181818186,0.10244048151612627
jitterMs=25,2,0,0.1,60,10.0,0.1,1000.0,25,2,0,1000.0,trace,3,10.0,periodic,100,10,1800,3600,3600,1.0,0.0,0.0,0,12.748928208055556,12.827263,23.98520665,25.419627,0,30.0,1680.0,2520.0,3600,0,0,0,0.06372098857200965,0,0.10637362181818183,0.11736869733900324,0.27361,0.030223514545454546,0.04726978000000001,0.10458405831246352
jitterMs=25,3,0,0.1,60,10.0,0.1,1000.0,25,2,0,1000.0,trace,3,10.0,periodic,100,10,1800,3600,3600,1.0,0.0,0.0,0,12.719777728055556,12.499219499999999,24.2315266,25.434429,0,30.0,1680.0,2520.0,3600,0,0,0,0.0637079400970732,0,0.10586810545454546,0.11594103131270889,0.21718,0.03026181636363636,0.04676426363636364,0.10379523222483278
jitterMs=25,4,0,0.1,60,10.0,0.1,1000.0,25,2,0,1000.0,trace,3,10.0,periodic,100,10,1800,3600,3600,1.0,0.0,0.0,0,12.844765835833334,12.8690075,24.212022099999995,25.403611,0,30.0,1680.0,2520.0,3600,0,0,0,0.0638220047595705,0,0.10680282363636363,0.11661217848071521,0.24891,0.03039710727272727,0.047698981818181815,0.10815104781128972
jitterMs=25,5,0,0.1,60,10.0,0.1,1000.0,25,2,0,1000.0,trace,3,10.0,periodic,100,10,1800,3600,3600,1.0,0.0,0.0,0,12.829485038055557,12.8051445,24.15322745,25.428479,0,30.0,1680.0,2520.0,3600,0,0,0,0.06381612526788139,0,0.10631263818181819,0.11533072498144394,0.22575,0.030380587272727275,0.04720879636363637,0.10569262522712354
jitterMs=50,1,0,0.1,60,10.0,0.1,1000.0,50,2,0,1000.0,trace,3,10.0,periodic,100,10,1800,3600,3600,1.0,0.0,0.0,0,24.984090821666666,24.9373635,47.635922099999995,50.433855,0,30.0,1680.0,2520.0,3600,0,0,0,0.07595914405039154,0,0.11466574909090911,0.12556814776208178,0.23866,0.03536235818181818,0.05556190727272729,0.11626701016223742
jitterMs=50,2,0,0.1,60,10.0,0.1,1000.0,50,2,0,1000.0,trace,3,10.0,periodic,100,10,1800,3600,3600,1.0,0.0,0.0,0,25.06185690777778,25.218526500000003,47.53441425,50.403255,0,30.0,1680.0,2520.0,3600,0,0,0,0.07604954739310534,0,0.11659113272727274,0.12798676905758657,0.25833,0.035489238181818185,0.057487290909090924,0.11597962452031582
jitterMs=50,3,0,0.1,60,10.0,0.1,1000.0,50,2,0,1000.0,trace,3,10.0,periodic,100,10,1800,3600,3600,1.0,0.0,0.0,0,25.003555959166665,24.5624395,48.02705415,50.432858,0,30.0,1680.0,2520.0,3600,0,0,0,0.07597937169906577,0,0.11795472000000001,0.12943275167100202,0.27613,0.03549137818181818,0.058850878181818195,0.11994045695656874
jitterMs=50,4,0,0.1,60,10.0,0.1,1000.0,50,2,0,1000.0,trace,3,10.0,periodic,100,10,1800,3600,3600,1.0,0.0,0.0,0,25.25353218416667,25.3020155,47.98804419999999,50.371223,0,30.0,1680.0,2520.0,3600,0,0,0,0.07624009840308336,0,0.11669552909090909,0.1279949226627227,0.2625,0.03582340181818182,0.057591687272727274,0.11824275634567388
jitterMs=50,5,0,0.1,60,10.0,0.1,1000.0,50,2,0,1000.0,trace,3,10.0,periodic,100,10,1800,3600,3600,1.0,0.0,0.0,0,25.22297057,25.17429,47.87045495,50.420958,0,30.0,1680.0,2520.0,3600,0,0,0,0.0762085828553029,0,0.11373007454545454,0.12370488314040727,0.22778,0.03562700727272727,0.054626232727272725,0.11535377406410675
jitterMs=100,1,0,0.1,60,10.0,0.1,1000.0,100,2,0,1000.0,trace,3,10.0,periodic,100,10,1800,3600,3600,1.0,0.0,0.0,0,49.5321821425,49.4387275,94.8358452,100.431711,0,30.0,1680.0,2520.0,3600,0,0,0,0.10051115277067459,0,0.11246398727272729,0.12135304397088686,0.23951,0.04694412727272726,0.05336014545454547,0.11884391501444644
jitterMs=100,2,0,0.1,60,10.0,0.1,1000.0,100,2,0,1000.0,trace,3,10.0,periodic,100,10,1800,3600,3600,1.0,0.0,0.0,0,49.68771431416667,50.0010535,94.6328285,100.370511,0,30.0,1680.0,2520.0,3600,0,0,0,0.10065701750253851,0,0.11755292363636363,0.12778342863753359,0.2513,0.04645646363636363,0.058449081818181814,0.12702243311420885
jitterMs=100,3,0,0.1,60,10.0,0.1,1000.0,100,2,0,1000.0,trace,3,10.0,periodic,100,10,1800,3600,3600,1.0,0.0,0.0,0,49.571112408333335,48.68888,95.61810929999999,100.429717,0,30.0,1680.0,2520.0,3598,0,0,0,0.10051565204441926,0,0.11617672727272726,0.1259984047158751,0.24971,0.046747945454545456,0.05707288545454545,0.12421726275525702
jitterMs=100,4,0,0.1,60,10.0,0.1,1000.0,100,2,0,1000.0,trace,3,10.0,periodic,100,10,1800,3600,3600,1.0,0.0,0.0,0,50.07106488055556,50.1680315,95.54008934999997,100.306447,0,30.0,1680.0,2520.0,3598,0,0,0,0.10102584933978927,0,0.11592991999999999,0.12656306878692392,0.24549,0.04752226727272728,0.056826078181818174,0.12373073340758013
jitterMs=100,5,0,0.1,60,10.0,0.1,1000.0,100,2,0,1000.0,trace,3,10.0,periodic,100,10,1800,3600,3600,1.0,0.0,0.0,0,50.00994164805555,49.9125805,95.30490995,100.405917,0,30.0,1680.0,2520.0,3599,0,0,0,0.1009791711860471,0,0.11676486363636365,0.12846741181008442,0.27276,0.04723980727272727,0.057661021818181835,0.12320515445452496
jitterMs=200,1,0,0.1,60,10.0,0.1,1000.0,200,2,0,1000.0,trace,3,10.0,periodic,100,10,1800,3600,3600,1.0,0.0,0.0,0,98.62836479333333,98.441456,189.23569139999998,200.427423,0,30.0,1680.0,2520.0,3151,0,445,0,0.14532290386311753,0,0.1335166309090909,0.1424040180086222,0.24397,0.06778110727272728,0.07441278909090909,0.1564460848249252
jitterMs=200,2,0,0.1,60,10.0,0.1,1000.0,200,2,0,1000.0,trace,3,10.0,periodic,100,10,1800,3600,3600,1.0,0.0,0.0,0,98.93942913249998,99.5661075,188.829657,200.305022,0,30.0,1680.0,2520.0,3180,0,417,0,0.14614374430296975,0,0.12982980909090908,0.1389640007864038,0.25336,0.06803923636363636,0.07072596727272726,0.15070661363698595
jitterMs=200,3,0,0.1,60,10.0,0.1,1000.0,200,2,0,1000.0,trace,3,10.0,periodic,100,10,1800,3600,3600,1.0,0.0,0.0,0,98.70622531694444,96.9417605,190.80021955,200.423435,0,30.0,1680.0,2520.0,3128,0,467,0,0.14510502015664853,0,0.12610618,0.13464712493645956,0.2297,0.06803390000000001,0.0670023381818182,0.14811911085482657
jitterMs=200,4,0,0.1,60,10.0,0.1,1000.0,200,2,0,1000.0,trace,3,10.0,periodic,100,10,1800,3600,3600,1.0,0.0,0.0,0,99.70613025138888,99.90006349999999,190.64417874999998,200.176895,0,30.0,1680.0,2520.0,3113,0,482,0,0.14601097863031684,0,0.1336417272727273,0.14407590521565045,0.2879,0.06953104727272728,0.07453788545454548,0.15659961784642593
jitterMs=200,5,0,0.1,60,10.0,0.1,1000.0,200,2,0,1000.0,trace,3,10.0,periodic,100,10,1800,3600,3600,1.0,0.0,0.0,0,99.58388379611111,99.3891615,190.1738209,200.375834,0,30.0,1680.0,2520.0,3140,0,455,0,0.1463761974921916,0,0.13304167272727271,0.1408674990300524,0.23187,0.06902191818181817,0.0739378309090909,0.15401379079437402
jitterMs=400,1,0,0.1,60,10.0,0.1,1000.0,400,2,0,1000.0,trace,3,10.0,periodic,100,10,1800,3600,3600,1.0,0.0,0.0,0,196.82073010222223,196.4469125,378.03538284999996,400.418846,0,30.0,1680.0,2520.0,2375,0,1213,0,0.21536313692653594,0,0.15814694545454544,0.1666337977109195,0.26569,0.10102013636363637,0.09904310363636362,0.20013355341367486
jitterMs=400,2,0,0.1,60,10.0,0.1,1000.0,400,2,0,1000.0,trace,3,10.0,periodic,100,10,1800,3600,3600,1.0,0.0,0.0,0,197.44285876777778,198.696215,377.223315,400.174045,0,30.0,1680.0,2520.0,2376,0,1215,0,0.2165147846630887,0,0.15854541272727274,0.16758385793121333,0.27517,0.10094888909090909,0.09944157090909092,0.19653164095299086
jitterMs=400,3,0,0.1,60,10.0,0.1,1000.0,400,2,0,1000.0,trace,3,10.0,periodic,100,10,1800,3600,3600,1.0,0.0,0.0,0,196.97645112583334,193.4475215,381.16444004999994,400.41087,0,30.0,1680.0,2520.0,2398,0,1193,0,0.2142143628158926,0,0.16496189636363637,0.17533259397172718,0.32443,0.10075419636363635,0.10585805454545455,0.20349675191352493
jitterMs=400,4,0,0.1,60,10.0,0.1,1000.0,400,2,0,1000.0,trace,3,10.0,periodic,100,10,1800,3600,3600,1.0,0.0,0.0,0,198.97626101194444,199.364128,380.85235844999994,399.91779,0,30.0,1680.0,2520.0,2367,0,1223,0,0.2161132728611889,0,0.1638639490909091,0.17235641385032777,0.28462,0.10343269272727271,0.10476010727272728,0.2037328913839259
jitterMs=400,5,0,0.1,60,10.0,0.1,1000.0,400,2,0,1000.0,trace,3,10.0,periodic,100,10,1800,3600,3600,1.0,0.0,0.0,0,198.73176808777777,198.3423235,379.91164275,400.315669,0,30.0,1680.0,2520.0,2386,0,1202,0,0.21683007034128235,0,0.16234801090909093,0.17267713754487277,0.28308,0.10330195272727273,0.10324416909090911,0.20076916464530586
