t_consume_ns,t_rx_ns,src,dst,seq,t_gen_ns,outcome
2000000,436000,0,2,0,0,applied
2000000,436000,1,0,0,0,applied
2000000,436000,2,0,0,0,applied
2000000,436000,2,1,0,0,applied
252000000,250436000,0,2,1,250000000,applied
452000000,450436000,0,1,2,450000000,applied
662000000,660436000,0,1,3,660000000,applied
662000000,660436000,0,2,3,660000000,applied
682000000,680436000,1,0,1,680000000,applied
862000000,860436000,1,0,2,860000000,applied
862000000,860436000,1,2,2,860000000,applied
1082000000,1080436000,0,1,5,1080000000,applied
1082000000,1080436000,0,2,5,1080000000,applied
1082000000,1080436000,1,2,3,1080000000,applied
1192000000,1190436000,2,0,2,1190000000,applied
1192000000,1190436000,2,1,2,1190000000,applied
1262000000,1260436000,1,0,4,1260000000,applied
1292000000,1290436000,0,1,6,1290000000,applied
1292000000,1290436000,0,2,6,1290000000,applied
1422000000,1420436000,2,1,3,1420000000,applied
1452000000,1450436000,1,2,5,1450000000,applied
1502000000,1500436000,0,1,7,1500000000,applied
1612000000,1610436000,2,0,4,1610000000,applied
1612000000,1610436000,2,1,4,1610000000,applied
1712000000,1710436000,0,2,8,1710000000,applied
1822000000,1820436000,2,0,5,1820000000,applied
1862000000,1860436000,1,0,7,1860000000,applied
1862000000,1860436000,1,2,7,1860000000,applied
1922000000,1920436000,0,1,9,1920000000,applied
2072000000,2070436000,1,0,8,2070000000,applied
2072000000,2070436000,1,2,8,2070000000,applied
2132000000,2130436000,0,1,10,2130000000,applied
2202000000,2200436000,2,0,7,2200000000,applied
2202000000,2200436000,2,1,7,2200000000,applied
2262000000,2260436000,1,0,9,2260000000,applied
2262000000,2260436000,1,2,9,2260000000,applied
2342000000,2340436000,0,2,11,2340000000,applied
2482000000,2480436000,1,2,10,2480000000,applied
2562000000,2560436000,2,0,9,2560000000,applied
2562000000,2560436000,2,1,9,2560000000,applied
2642000000,2640436000,0,1,12,2640000000,applied
2642000000,2640436000,0,2,12,2640000000,applied
2742000000,2740436000,0,1,13,2740000000,applied
2762000000,2760436000,1,2,11,2760000000,applied
2842000000,2840436000,0,1,14,2840000000,applied
2842000000,2840436000,0,2,14,2840000000,applied
2862000000,2860436000,2,0,10,2860000000,applied
2862000000,2860436000,2,1,10,2860000000,applied
2942000000,2940436000,0,1,15,2940000000,applied
3042000000,3040436000,1,0,12,3040000000,applied
3222000000,3220436000,2,0,11,3220000000,applied
3222000000,3220436000,2,1,11,3220000000,applied
3282000000,3280436000,1,0,13,3280000000,applied
3282000000,3280436000,1,2,13,3280000000,applied
3482000000,3480436000,2,1,12,3480000000,applied
3602000000,3600436000,1,0,14,3600000000,applied
3662000000,3660436000,0,1,19,3660000000,applied
3662000000,3660436000,0,2,19,3660000000,applied
3742000000,3740436000,2,0,13,3740000000,applied
3742000000,3740436000,2,1,13,3740000000,applied
3872000000,3870436000,0,1,20,3870000000,applied
3872000000,3870436000,0,2,20,3870000000,applied
3872000000,3870436000,1,0,15,3870000000,applied
4082000000,4080436000,0,1,21,4080000000,applied
4082000000,4080436000,2,0,14,4080000000,applied
4082000000,4080436000,2,1,14,4080000000,applied
4152000000,4150436000,1,0,16,4150000000,applied
4152000000,4150436000,1,2,16,4150000000,applied
4292000000,4290436000,0,1,22,4290000000,applied
4292000000,4290436000,0,2,22,4290000000,applied
4362000000,4360436000,2,0,15,4360000000,applied
4362000000,4360436000,2,1,15,4360000000,applied
4412000000,4410436000,1,2,17,4410000000,applied
4502000000,4500436000,0,1,23,4500000000,applied
4582000000,4580436000,2,0,16,4580000000,applied
4682000000,4680436000,1,2,18,4680000000,applied
4712000000,4710436000,0,1,24,4710000000,applied
4712000000,4710436000,0,2,24,4710000000,applied
4822000000,4820436000,2,0,17,4820000000,applied
4922000000,4920436000,0,1,25,4920000000,applied
4952000000,4950436000,1,2,19,4950000000,applied
5062000000,5060436000,2,1,18,5060000000,applied
5132000000,5130436000,0,1,26,5130000000,applied
5132000000,5130436000,0,2,26,5130000000,applied
5212000000,5210436000,1,2,20,5210000000,applied
5292000000,5290436000,2,0,19,5290000000,applied
5292000000,5290436000,2,1,19,5290000000,applied
5502000000,5500436000,1,0,21,5500000000,applied
5502000000,5500436000,1,2,21,5500000000,applied
5572000000,5570436000,2,0,20,5570000000,applied
5912000000,5910436000,1,0,22,5910000000,applied
5912000000,5910436000,1,2,22,5910000000,applied
5932000000,5930436000,2,0,21,5930000000,applied
5932000000,5930436000,2,1,21,5930000000,applied
5972000000,5970436000,0,1,30,5970000000,applied
5972000000,5970436000,0,2,30,5970000000,applied
6182000000,6180436000,0,1,31,6180000000,applied
6182000000,6180436000,0,2,31,6180000000,applied
6362000000,6360436000,1,0,24,6360000000,applied
6392000000,6390436000,0,2,32,6390000000,applied
6472000000,6470436000,2,1,22,6470000000,applied
6592000000,6590436000,1,2,25,6590000000,applied
6602000000,6600436000,0,2,33,6600000000,applied
6792000000,6790436000,2,1,23,6790000000,applied
6812000000,6810436000,0,1,34,6810000000,applied
6812000000,6810436000,0,2,34,6810000000,applied
6862000000,6860436000,1,0,26,6860000000,applied
6862000000,6860436000,1,2,26,6860000000,applied
7002000000,7000436000,2,0,24,7000000000,applied
7002000000,7000436000,2,1,24,7000000000,applied
7022000000,7020436000,0,2,35,7020000000,applied
7062000000,7060436000,1,0,27,7060000000,applied
7232000000,7230436000,0,1,36,7230000000,applied
7232000000,7230436000,0,2,36,7230000000,applied
7242000000,7240436000,2,0,25,7240000000,applied
7242000000,7240436000,2,1,25,7240000000,applied
7292000000,7290436000,1,2,28,7290000000,applied
7442000000,7440436000,0,2,37,7440000000,applied
7482000000,7480436000,1,2,29,7480000000,applied
7652000000,7650436000,0,1,38,7650000000,applied
7662000000,7660436000,2,1,27,7660000000,applied
7862000000,7860436000,0,1,39,7860000000,applied
7892000000,7890436000,1,0,31,7890000000,applied
7892000000,7890436000,1,2,31,7890000000,applied
8072000000,8070436000,0,1,40,8070000000,applied
8072000000,8070436000,0,2,40,8070000000,applied
8082000000,8080436000,1,0,32,8080000000,applied
8082000000,8080436000,1,2,32,8080000000,applied
8122000000,8120436000,2,0,29,8120000000,applied
8272000000,8270436000,1,0,33,8270000000,applied
8282000000,8280436000,0,1,41,8280000000,applied
8342000000,8340436000,2,0,30,8340000000,applied
8472000000,8470436000,1,0,34,8470000000,applied
8492000000,8490436000,0,2,42,8490000000,applied
8702000000,8700436000,0,1,43,8700000000,applied
8702000000,8700436000,0,2,43,8700000000,applied
8712000000,8710436000,1,0,35,8710000000,applied
8902000000,8900436000,1,2,36,8900000000,applied
8912000000,8910436000,0,1,44,8910000000,applied
8962000000,8960436000,2,0,32,8960000000,applied
8962000000,8960436000,2,1,32,8960000000,applied
9122000000,9120436000,0,1,45,9120000000,applied
9152000000,9150436000,2,0,33,9150000000,applied
9152000000,9150436000,2,1,33,9150000000,applied
9292000000,9290436000,1,2,38,9290000000,applied
9332000000,9330436000,0,2,46,9330000000,applied
9362000000,9360436000,2,0,34,9360000000,applied
9522000000,9520436000,1,2,39,9520000000,applied
9552000000,9550436000,2,0,35,9550000000,applied
9552000000,9550436000,2,1,35,9550000000,applied
9752000000,9750436000,0,2,48,9750000000,applied
9782000000,9780436000,2,0,36,9780000000,applied
9782000000,9780436000,2,1,36,9780000000,applied
9962000000,9960436000,0,1,49,9960000000,applied
9962000000,9960436000,0,2,49,9960000000,applied
10082000000,10080436000,1,0,41,10080000000,applied
10082000000,10080436000,1,2,41,10080000000,applied
10082000000,10080436000,2,1,37,10080000000,applied
10172000000,10170436000,0,1,50,10170000000,applied
10252000000,10250436000,1,0,42,10250000000,applied
10252000000,10250436000,1,2,42,10250000000,applied
10252000000,10250436000,2,0,38,10250000000,applied
10252000000,10250436000,2,1,38,10250000000,applied
10382000000,10380436000,0,1,51,10380000000,applied
10382000000,10380436000,0,2,51,10380000000,applied
10412000000,10410436000,2,0,39,10410000000,applied
10592000000,10590436000,0,1,52,10590000000,applied
10592000000,10590436000,0,2,52,10590000000,applied
10602000000,10600436000,2,0,40,10600000000,applied
10612000000,10610436000,1,0,44,10610000000,applied
10612000000,10610436000,1,2,44,10610000000,applied
10782000000,10780436000,2,0,41,10780000000,applied
10782000000,10780436000,2,1,41,10780000000,applied
10792000000,10790436000,1,0,45,10790000000,applied
10802000000,10800436000,0,1,53,10800000000,applied
10802000000,10800436000,0,2,53,10800000000,applied
11002000000,11000436000,1,0,46,11000000000,applied
11002000000,11000436000,1,2,46,11000000000,applied
11002000000,11000436000,2,0,42,11000000000,applied
11012000000,11010436000,0,1,54,11010000000,applied
11012000000,11010436000,0,2,54,11010000000,applied
11182000000,11180436000,1,2,47,11180000000,applied
11192000000,11190436000,2,1,43,11190000000,applied
11222000000,11220436000,0,1,55,11220000000,applied
11222000000,11220436000,0,2,55,11220000000,applied
11372000000,11370436000,1,0,48,11370000000,applied
11372000000,11370436000,1,2,48,11370000000,applied
11382000000,11380436000,2,0,44,11380000000,applied
11382000000,11380436000,2,1,44,11380000000,applied
11432000000,11430436000,0,2,56,11430000000,applied
11582000000,11580436000,2,0,45,11580000000,applied
11592000000,11590436000,1,0,49,11590000000,applied
11642000000,11640436000,0,1,57,11640000000,applied
11822000000,11820436000,2,0,46,11820000000,applied
11852000000,11850436000,0,1,58,11850000000,applied
11852000000,11850436000,0,2,58,11850000000,applied
11992000000,11990436000,1,2,51,11990000000,applied
12062000000,12060436000,0,1,59,12060000000,applied
12062000000,12060436000,0,2,59,12060000000,applied
12082000000,12080436000,2,0,47,12080000000,applied
12192000000,12190436000,1,0,52,12190000000,applied
12192000000,12190436000,1,2,52,12190000000,applied
12262000000,12260436000,2,1,48,12260000000,applied
12272000000,12270436000,0,1,60,12270000000,applied
12272000000,12270436000,0,2,60,12270000000,applied
12392000000,12390436000,1,0,53,12390000000,applied
12392000000,12390436000,1,2,53,12390000000,applied
12452000000,12450436000,2,0,49,12450000000,applied
12452000000,12450436000,2,1,49,12450000000,applied
12602000000,12600436000,0,2,61,12600000000,applied
12612000000,12610436000,1,0,54,12610000000,applied
12612000000,12610436000,1,2,54,12610000000,applied
12632000000,12630436000,2,0,50,12630000000,applied
12632000000,12630436000,2,1,50,12630000000,applied
12702000000,12700436000,0,1,62,12700000000,applied
12802000000,12800436000,0,1,63,12800000000,applied
12902000000,12900436000,0,1,64,12900000000,applied
12902000000,12900436000,0,2,64,12900000000,applied
12912000000,12910436000,1,0,55,12910000000,applied
12912000000,12910436000,1,2,55,12910000000,applied
13002000000,13000436000,0,1,65,13000000000,applied
13082000000,13080436000,2,0,52,13080000000,applied
13082000000,13080436000,2,1,52,13080000000,applied
13172000000,13170436000,1,0,56,13170000000,applied
13172000000,13170436000,1,2,56,13170000000,applied
13332000000,13330436000,2,0,53,13330000000,applied
13442000000,13440436000,1,2,57,13440000000,applied
13602000000,13600436000,0,2,68,13600000000,applied
13602000000,13600436000,2,0,54,13600000000,applied
13602000000,13600436000,2,1,54,13600000000,applied
13812000000,13810436000,1,0,58,13810000000,applied
13812000000,13810436000,1,2,58,13810000000,applied
13942000000,13940436000,2,0,55,13940000000,applied
14022000000,14020436000,0,2,70,14020000000,applied
14432000000,14430436000,2,1,56,14430000000,applied
14442000000,14440436000,0,2,72,14440000000,applied
14812000000,14810436000,1,0,59,14810000000,applied
14862000000,14860436000,0,1,74,14860000000,applied
14862000000,14860436000,0,2,74,14860000000,applied
15052000000,15050436000,1,2,60,15050000000,applied
15072000000,15070436000,0,1,75,15070000000,applied
15182000000,15180436000,2,0,57,15180000000,applied
15182000000,15180436000,2,1,57,15180000000,applied
15192000000,15190436000,1,0,61,15190000000,applied
15192000000,15190436000,1,2,61,15190000000,applied
15282000000,15280436000,0,2,76,15280000000,applied
15342000000,15340436000,2,0,58,15340000000,applied
15342000000,15340436000,2,1,58,15340000000,applied
15492000000,15490436000,0,1,77,15490000000,applied
15532000000,15530436000,2,0,59,15530000000,applied
15532000000,15530436000,2,1,59,15530000000,applied
15542000000,15540436000,1,0,63,15540000000,applied
15542000000,15540436000,1,2,63,15540000000,applied
15702000000,15700436000,0,1,78,15700000000,applied
15702000000,15700436000,0,2,78,15700000000,applied
15712000000,15710436000,1,0,64,15710000000,applied
15712000000,15710436000,1,2,64,15710000000,applied
15722000000,15720436000,2,0,60,15720000000,applied
15892000000,15890436000,1,0,65,15890000000,applied
15892000000,15890436000,1,2,65,15890000000,applied
15912000000,15910436000,0,1,79,15910000000,applied
15912000000,15910436000,0,2,79,15910000000,applied
15922000000,15920436000,2,0,61,15920000000,applied
15922000000,15920436000,2,1,61,15920000000,applied
16072000000,16070436000,1,0,66,16070000000,applied
16122000000,16120436000,0,2,80,16120000000,applied
16162000000,16160436000,2,1,62,16160000000,applied
16272000000,16270436000,1,0,67,16270000000,applied
16272000000,16270436000,1,2,67,16270000000,applied
16332000000,16330436000,0,1,81,16330000000,applied
16422000000,16420436000,2,0,63,16420000000,applied
16422000000,16420436000,2,1,63,16420000000,applied
16462000000,16460436000,1,0,68,16460000000,applied
16462000000,16460436000,1,2,68,16460000000,applied
16652000000,16650436000,2,0,64,16650000000,applied
16652000000,16650436000,2,1,64,16650000000,applied
16662000000,16660436000,1,0,69,16660000000,applied
16752000000,16750436000,0,2,83,16750000000,applied
16932000000,16930436000,2,0,65,16930000000,applied
16932000000,16930436000,2,1,65,16930000000,applied
16962000000,16960436000,0,2,84,16960000000,applied
17172000000,17170436000,0,1,85,17170000000,applied
17212000000,17210436000,1,0,71,17210000000,applied
17212000000,17210436000,1,2,71,17210000000,applied
17292000000,17290436000,2,0,66,17290000000,applied
17382000000,17380436000,0,1,86,17380000000,applied
17382000000,17380436000,0,2,86,17380000000,applied
17392000000,17390436000,1,0,72,17390000000,applied
17392000000,17390436000,1,2,72,17390000000,applied
17512000000,17510436000,2,1,67,17510000000,applied
17752000000,17750436000,2,1,68,17750000000,applied
17762000000,17760436000,1,2,74,17760000000,applied
17802000000,17800436000,0,2,88,17800000000,applied
17992000000,17990436000,2,1,69,17990000000,applied
18012000000,18010436000,0,1,89,18010000000,applied
18012000000,18010436000,1,0,75,18010000000,applied
18202000000,18200436000,1,0,76,18200000000,applied
18222000000,18220436000,0,2,90,18220000000,applied
18302000000,18300436000,2,0,70,18300000000,applied
18302000000,18300436000,2,1,70,18300000000,applied
18402000000,18400436000,1,0,77,18400000000,applied
18402000000,18400436000,1,2,77,18400000000,applied
18432000000,18430436000,0,1,91,18430000000,applied
18432000000,18430436000,0,2,91,18430000000,applied
18562000000,18560436000,2,1,71,18560000000,applied
18592000000,18590436000,1,0,78,18590000000,applied
18592000000,18590436000,1,2,78,18590000000,applied
18752000000,18750436000,2,1,72,18750000000,applied
18792000000,18790436000,1,0,79,18790000000,applied
18852000000,18850436000,0,1,93,18850000000,applied
18972000000,18970436000,2,0,73,18970000000,applied
18972000000,18970436000,2,1,73,18970000000,applied
19062000000,19060436000,0,1,94,19060000000,applied
19062000000,19060436000,0,2,94,19060000000,applied
19252000000,19250436000,2,1,74,19250000000,applied
19272000000,19270436000,0,1,95,19270000000,applied
19362000000,19360436000,1,0,82,19360000000,applied
19362000000,19360436000,1,2,82,19360000000,applied
19482000000,19480436000,0,2,96,19480000000,applied
19562000000,19560436000,1,0,83,19560000000,applied
19562000000,19560436000,1,2,83,19560000000,applied
19662000000,19660436000,2,0,76,19660000000,applied
19662000000,19660436000,2,1,76,19660000000,applied
19692000000,19690436000,0,1,97,19690000000,applied
19782000000,19780436000,1,0,84,19780000000,applied
19782000000,19780436000,1,2,84,19780000000,applied
19862000000,19860436000,2,1,77,19860000000,applied
19902000000,19900436000,0,1,98,19900000000,applied
19972000000,19970436000,1,0,85,19970000000,applied
20042000000,20040436000,2,1,78,20040000000,applied
20112000000,20110436000,0,1,99,20110000000,applied
20112000000,20110436000,0,2,99,20110000000,applied
20172000000,20170436000,1,0,86,20170000000,applied
20172000000,20170436000,1,2,86,20170000000,applied
20322000000,20320436000,0,1,100,20320000000,applied
20322000000,20320436000,0,2,100,20320000000,applied
20362000000,20360436000,1,0,87,20360000000,applied
20362000000,20360436000,1,2,87,20360000000,applied
20422000000,20420436000,2,0,80,20420000000,applied
20532000000,20530436000,0,2,101,20530000000,applied
20572000000,20570436000,1,0,88,20570000000,applied
20572000000,20570436000,1,2,88,20570000000,applied
20622000000,20620436000,2,1,81,20620000000,applied
20742000000,20740436000,0,1,102,20740000000,applied
20812000000,20810436000,1,0,89,20810000000,applied
20862000000,20860436000,2,1,82,20860000000,applied
20952000000,20950436000,0,1,103,20950000000,applied
20952000000,20950436000,0,2,103,20950000000,applied
21002000000,21000436000,1,2,90,21000000000,applied
21102000000,21100436000,2,0,83,21100000000,applied
21102000000,21100436000,2,1,83,21100000000,applied
21162000000,21160436000,0,1,104,21160000000,applied
21202000000,21200436000,1,0,91,21200000000,applied
21202000000,21200436000,1,2,91,21200000000,applied
21292000000,21290436000,2,1,84,21290000000,applied
21372000000,21370436000,0,1,105,21370000000,applied
21372000000,21370436000,0,2,105,21370000000,applied
21492000000,21490436000,2,0,85,21490000000,applied
21582000000,21580436000,0,1,106,21580000000,applied
21582000000,21580436000,0,2,106,21580000000,applied
21742000000,21740436000,2,0,86,21740000000,applied
21742000000,21740436000,2,1,86,21740000000,applied
21792000000,21790436000,0,1,107,21790000000,applied
21792000000,21790436000,0,2,107,21790000000,applied
21802000000,21800436000,1,0,94,21800000000,applied
22002000000,22000436000,0,1,108,22000000000,applied
22002000000,22000436000,1,0,95,22000000000,applied
22002000000,22000436000,1,2,95,22000000000,applied
22052000000,22050436000,2,1,87,22050000000,applied
22202000000,22200436000,1,2,96,22200000000,applied
22212000000,22210436000,0,2,109,22210000000,applied
22242000000,22240436000,2,0,88,22240000000,applied
22422000000,22420436000,0,1,110,22420000000,applied
22422000000,22420436000,0,2,110,22420000000,applied
22422000000,22420436000,2,0,89,22420000000,applied
22422000000,22420436000,2,1,89,22420000000,applied
22442000000,22440436000,1,2,97,22440000000,applied
22602000000,22600436000,2,0,90,22600000000,applied
22632000000,22630436000,0,1,111,22630000000,applied
22632000000,22630436000,0,2,111,22630000000,applied
22642000000,22640436000,1,0,98,22640000000,applied
22642000000,22640436000,1,2,98,22640000000,applied
22782000000,22780436000,2,0,91,22780000000,applied
22782000000,22780436000,2,1,91,22780000000,applied
22842000000,22840436000,1,0,99,22840000000,applied
22842000000,22840436000,1,2,99,22840000000,applied
22952000000,22950436000,2,0,92,22950000000,applied
22952000000,22950436000,2,1,92,22950000000,applied
23052000000,23050436000,0,1,113,23050000000,applied
23052000000,23050436000,0,2,113,23050000000,applied
23082000000,23080436000,1,2,100,23080000000,applied
23152000000,23150436000,2,1,93,23150000000,applied
23262000000,23260436000,0,1,114,23260000000,applied
23262000000,23260436000,0,2,114,23260000000,applied
23272000000,23270436000,1,0,101,23270000000,applied
23272000000,23270436000,1,2,101,23270000000,applied
23472000000,23470436000,1,0,102,23470000000,applied
23472000000,23470436000,1,2,102,23470000000,applied
23682000000,23680436000,0,1,116,23680000000,applied
23682000000,23680436000,0,2,116,23680000000,applied
23702000000,23700436000,1,0,103,23700000000,applied
23702000000,23700436000,1,2,103,23700000000,applied
23752000000,23750436000,2,0,96,23750000000,applied
23752000000,23750436000,2,1,96,23750000000,applied
23892000000,23890436000,0,1,117,23890000000,applied
23902000000,23900436000,1,2,104,23900000000,applied
23942000000,23940436000,2,0,97,23940000000,applied
23942000000,23940436000,2,1,97,23940000000,applied
24102000000,24100436000,0,1,118,24100000000,applied
24102000000,24100436000,1,0,105,24100000000,applied
24102000000,24100436000,1,2,105,24100000000,applied
24132000000,24130436000,2,0,98,24130000000,applied
24132000000,24130436000,2,1,98,24130000000,applied
24292000000,24290436000,1,0,106,24290000000,applied
24312000000,24310436000,0,2,119,24310000000,applied
24342000000,24340436000,2,0,99,24340000000,applied
24342000000,24340436000,2,1,99,24340000000,applied
24522000000,24520436000,0,1,120,24520000000,applied
24522000000,24520436000,0,2,120,24520000000,applied
24732000000,24730436000,0,2,121,24730000000,applied
24732000000,24730436000,1,0,108,24730000000,applied
24732000000,24730436000,1,2,108,24730000000,applied
24862000000,24860436000,2,0,101,24860000000,applied
24862000000,24860436000,2,1,101,24860000000,applied
24942000000,24940436000,0,1,122,24940000000,applied
24962000000,24960436000,1,0,109,24960000000,applied
25072000000,25070436000,2,0,102,25070000000,applied
25072000000,25070436000,2,1,102,25070000000,applied
25152000000,25150436000,0,1,123,25150000000,applied
25152000000,25150436000,0,2,123,25150000000,applied
25162000000,25160436000,1,0,110,25160000000,applied
25162000000,25160436000,1,2,110,25160000000,applied
25272000000,25270436000,2,0,103,25270000000,applied
25352000000,25350436000,1,0,111,25350000000,applied
25352000000,25350436000,1,2,111,25350000000,applied
25362000000,25360436000,0,2,124,25360000000,applied
25452000000,25450436000,2,1,104,25450000000,applied
25572000000,25570436000,0,2,125,25570000000,applied
25672000000,25670436000,2,0,105,25670000000,applied
25672000000,25670436000,2,1,105,25670000000,applied
25782000000,25780436000,0,1,126,25780000000,applied
25782000000,25780436000,0,2,126,25780000000,applied
25872000000,25870436000,1,0,113,25870000000,applied
25872000000,25870436000,1,2,113,25870000000,applied
25922000000,25920436000,2,1,106,25920000000,applied
25992000000,25990436000,0,1,127,25990000000,applied
26092000000,26090436000,2,1,107,26090000000,applied
26202000000,26200436000,0,1,128,26200000000,applied
26242000000,26240436000,1,2,115,26240000000,applied
26282000000,26280436000,2,0,108,26280000000,applied
26282000000,26280436000,2,1,108,26280000000,applied
26412000000,26410436000,0,2,129,26410000000,applied
26432000000,26430436000,1,0,116,26430000000,applied
26472000000,26470436000,2,0,109,26470000000,applied
26472000000,26470436000,2,1,109,26470000000,applied
26622000000,26620436000,0,1,130,26620000000,applied
26622000000,26620436000,0,2,130,26620000000,applied
26662000000,26660436000,1,2,117,26660000000,applied
26702000000,26700436000,2,0,110,26700000000,applied
26832000000,26830436000,0,1,131,26830000000,applied
26852000000,26850436000,1,0,118,26850000000,applied
26942000000,26940436000,2,0,111,26940000000,applied
27042000000,27040436000,0,1,132,27040000000,applied
27042000000,27040436000,1,2,119,27040000000,applied
27172000000,27170436000,2,0,112,27170000000,applied
27172000000,27170436000,2,1,112,27170000000,applied
27252000000,27250436000,0,1,133,27250000000,applied
27252000000,27250436000,0,2,133,27250000000,applied
27382000000,27380436000,2,1,113,27380000000,applied
27422000000,27420436000,1,0,121,27420000000,applied
27422000000,27420436000,1,2,121,27420000000,applied
27462000000,27460436000,0,1,134,27460000000,applied
27462000000,27460436000,0,2,134,27460000000,applied
27622000000,27620436000,1,0,122,27620000000,applied
27782000000,27780436000,2,0,115,27780000000,applied
27782000000,27780436000,2,1,115,27780000000,applied
27852000000,27850436000,1,0,123,27850000000,applied
27852000000,27850436000,1,2,123,27850000000,applied
27882000000,27880436000,0,1,136,27880000000,applied
27992000000,27990436000,2,0,116,27990000000,applied
27992000000,27990436000,2,1,116,27990000000,applied
28052000000,28050436000,1,2,124,28050000000,applied
28092000000,28090436000,0,2,137,28090000000,applied
28282000000,28280436000,1,0,125,28280000000,applied
28282000000,28280436000,1,2,125,28280000000,applied
28302000000,28300436000,0,1,138,28300000000,applied
28302000000,28300436000,0,2,138,28300000000,applied
28372000000,28370436000,2,1,118,28370000000,applied
28482000000,28480436000,1,0,126,28480000000,applied
28482000000,28480436000,1,2,126,28480000000,applied
28512000000,28510436000,0,1,139,28510000000,applied
28512000000,28510436000,0,2,139,28510000000,applied
28582000000,28580436000,2,0,119,28580000000,applied
28672000000,28670436000,1,0,127,28670000000,applied
28672000000,28670436000,1,2,127,28670000000,applied
28722000000,28720436000,0,2,140,28720000000,applied
28762000000,28760436000,2,0,120,28760000000,applied
28902000000,28900436000,1,0,128,28900000000,applied
28902000000,28900436000,1,2,128,28900000000,applied
28932000000,28930436000,0,1,141,28930000000,applied
28962000000,28960436000,2,0,121,28960000000,applied
29142000000,29140436000,0,2,142,29140000000,applied
29202000000,29200436000,2,0,122,29200000000,applied
29202000000,29200436000,2,1,122,29200000000,applied
29322000000,29320436000,1,0,130,29320000000,applied
29322000000,29320436000,1,2,130,29320000000,applied
29352000000,29350436000,0,1,143,29350000000,applied
29352000000,29350436000,0,2,143,29350000000,applied
29442000000,29440436000,2,0,123,29440000000,applied
29442000000,29440436000,2,1,123,29440000000,applied
29522000000,29520436000,1,0,131,29520000000,applied
29522000000,29520436000,1,2,131,29520000000,applied
29562000000,29560436000,0,1,144,29560000000,applied
29562000000,29560436000,0,2,144,29560000000,applied
29642000000,29640436000,2,0,124,29640000000,applied
29642000000,29640436000,2,1,124,29640000000,applied
29712000000,29710436000,1,2,132,29710000000,applied
29772000000,29770436000,0,1,145,29770000000,applied
29772000000,29770436000,0,2,145,29770000000,applied
29822000000,29820436000,2,1,125,29820000000,applied
29902000000,29900436000,1,0,133,29900000000,applied
29902000000,29900436000,1,2,133,29900000000,applied
29992000000,29990436000,2,0,126,29990000000,applied
29992000000,29990436000,2,1,126,29990000000,applied
30122000000,30120436000,1,0,134,30120000000,applied
30182000000,30180436000,2,0,127,30180000000,applied
30182000000,30180436000,2,1,127,30180000000,applied
30192000000,30190436000,0,1,147,30190000000,applied
30192000000,30190436000,0,2,147,30190000000,applied
30332000000,30330436000,1,0,135,30330000000,applied
30402000000,30400436000,0,1,148,30400000000,applied
30402000000,30400436000,0,2,148,30400000000,applied
30422000000,30420436000,2,0,128,30420000000,applied
30522000000,30520436000,1,0,136,30520000000,applied
30522000000,30520436000,1,2,136,30520000000,applied
30652000000,30650436000,2,0,129,30650000000,applied
30652000000,30650436000,2,1,129,30650000000,applied
30672000000,30670436000,0,1,149,30670000000,applied
30672000000,30670436000,0,2,149,30670000000,applied
30772000000,30770436000,0,2,150,30770000000,applied
30842000000,30840436000,2,0,130,30840000000,applied
30872000000,30870436000,0,2,151,30870000000,applied
30892000000,30890436000,1,0,137,30890000000,applied
30972000000,30970436000,0,1,152,30970000000,applied
30972000000,30970436000,0,2,152,30970000000,applied
31082000000,31080436000,0,2,153,31080000000,applied
31162000000,31160436000,1,0,138,31160000000,applied
31162000000,31160436000,1,2,138,31160000000,applied
31252000000,31250436000,0,1,154,31250000000,applied
31252000000,31250436000,0,2,154,31250000000,applied
31332000000,31330436000,2,0,132,31330000000,applied
31332000000,31330436000,2,1,132,31330000000,applied
31392000000,31390436000,1,0,139,31390000000,applied
31392000000,31390436000,1,2,139,31390000000,applied
31462000000,31460436000,0,1,155,31460000000,applied
31462000000,31460436000,0,2,155,31460000000,applied
31572000000,31570436000,2,0,133,31570000000,applied
31572000000,31570436000,2,1,133,31570000000,applied
31622000000,31620436000,1,0,140,31620000000,applied
31672000000,31670436000,0,1,156,31670000000,applied
31672000000,31670436000,0,2,156,31670000000,applied
31872000000,31870436000,1,0,141,31870000000,applied
31882000000,31880436000,0,1,157,31880000000,applied
32092000000,32090436000,0,1,158,32090000000,applied
32142000000,32140436000,1,2,142,32140000000,applied
32202000000,32200436000,2,1,135,32200000000,applied
32302000000,32300436000,0,1,159,32300000000,applied
32412000000,32410436000,1,2,143,32410000000,applied
32462000000,32460436000,2,1,136,32460000000,applied
32512000000,32510436000,0,1,160,32510000000,applied
32702000000,32700436000,1,0,144,32700000000,applied
32702000000,32700436000,1,2,144,32700000000,applied
32722000000,32720436000,0,1,161,32720000000,applied
32722000000,32720436000,0,2,161,32720000000,applied
32732000000,32730436000,2,0,137,32730000000,applied
32732000000,32730436000,2,1,137,32730000000,applied
32932000000,32930436000,0,1,162,32930000000,applied
32932000000,32930436000,0,2,162,32930000000,applied
32982000000,32980436000,1,0,145,32980000000,applied
32982000000,32980436000,1,2,145,32980000000,applied
33012000000,33010436000,2,0,138,33010000000,applied
33142000000,33140436000,0,1,163,33140000000,applied
33142000000,33140436000,0,2,163,33140000000,applied
33272000000,33270436000,2,0,139,33270000000,applied
33542000000,33540436000,1,0,147,33540000000,applied
33542000000,33540436000,1,2,147,33540000000,applied
33562000000,33560436000,0,1,165,33560000000,applied
33562000000,33560436000,0,2,165,33560000000,applied
33622000000,33620436000,2,0,140,33620000000,applied
33622000000,33620436000,2,1,140,33620000000,applied
33772000000,33770436000,0,1,166,33770000000,applied
33772000000,33770436000,0,2,166,33770000000,applied
33792000000,33790436000,1,0,148,33790000000,applied
33792000000,33790436000,1,2,148,33790000000,applied
33912000000,33910436000,2,0,141,33910000000,applied
33912000000,33910436000,2,1,141,33910000000,applied
33982000000,33980436000,0,1,167,33980000000,applied
33982000000,33980436000,0,2,167,33980000000,applied
34032000000,34030436000,1,0,149,34030000000,applied
34192000000,34190436000,0,1,168,34190000000,applied
34192000000,34190436000,0,2,168,34190000000,applied
34402000000,34400436000,0,1,169,34400000000,applied
34402000000,34400436000,0,2,169,34400000000,applied
34502000000,34500436000,1,0,151,34500000000,applied
34502000000,34500436000,1,2,151,34500000000,applied
34552000000,34550436000,2,0,143,34550000000,applied
34552000000,34550436000,2,1,143,34550000000,applied
34612000000,34610436000,0,1,170,34610000000,applied
34612000000,34610436000,0,2,170,34610000000,applied
34732000000,34730436000,1,0,152,34730000000,applied
34772000000,34770436000,2,0,144,34770000000,applied
34822000000,34820436000,0,1,171,34820000000,applied
34822000000,34820436000,0,2,171,34820000000,applied
35032000000,35030436000,0,1,172,35030000000,applied
35032000000,35030436000,0,2,172,35030000000,applied
35242000000,35240436000,0,1,173,35240000000,applied
35242000000,35240436000,0,2,173,35240000000,applied
35392000000,35390436000,1,0,155,35390000000,applied
35392000000,35390436000,1,2,155,35390000000,applied
35422000000,35420436000,2,1,146,35420000000,applied
35452000000,35450436000,0,1,174,35450000000,applied
35602000000,35600436000,1,0,156,35600000000,applied
35602000000,35600436000,1,2,156,35600000000,applied
35642000000,35640436000,2,1,147,35640000000,applied
35662000000,35660436000,0,1,175,35660000000,applied
35812000000,35810436000,1,2,157,35810000000,applied
35862000000,35860436000,2,0,148,35860000000,applied
35862000000,35860436000,2,1,148,35860000000,applied
35872000000,35870436000,0,1,176,35870000000,applied
35872000000,35870436000,0,2,176,35870000000,applied
36022000000,36020436000,1,0,158,36020000000,applied
36022000000,36020436000,1,2,158,36020000000,applied
36082000000,36080436000,0,1,177,36080000000,applied
36232000000,36230436000,1,0,159,36230000000,applied
36232000000,36230436000,1,2,159,36230000000,applied
36292000000,36290436000,0,1,178,36290000000,applied
36292000000,36290436000,0,2,178,36290000000,applied
36442000000,36440436000,1,0,160,36440000000,applied
36442000000,36440436000,1,2,160,36440000000,applied
36502000000,36500436000,0,1,179,36500000000,applied
36502000000,36500436000,0,2,179,36500000000,applied
36652000000,36650436000,1,0,161,36650000000,applied
36652000000,36650436000,1,2,161,36650000000,applied
36712000000,36710436000,0,1,180,36710000000,applied
36712000000,36710436000,0,2,180,36710000000,applied
36762000000,36760436000,2,0,152,36760000000,applied
36762000000,36760436000,2,1,152,36760000000,applied
36862000000,36860436000,1,0,162,36860000000,applied
36862000000,36860436000,1,2,162,36860000000,applied
36922000000,36920436000,0,1,181,36920000000,applied
36922000000,36920436000,0,2,181,36920000000,applied
36962000000,36960436000,2,0,153,36960000000,applied
36962000000,36960436000,2,1,153,36960000000,applied
37072000000,37070436000,1,2,163,37070000000,applied
37132000000,37130436000,0,1,182,37130000000,applied
37132000000,37130436000,0,2,182,37130000000,applied
37172000000,37170436000,2,1,154,37170000000,applied
37282000000,37280436000,1,0,164,37280000000,applied
37342000000,37340436000,0,1,183,37340000000,applied
37392000000,37390436000,2,0,155,37390000000,applied
37392000000,37390436000,2,1,155,37390000000,applied
37492000000,37490436000,1,0,165,37490000000,applied
37492000000,37490436000,1,2,165,37490000000,applied
37552000000,37550436000,0,2,184,37550000000,applied
37612000000,37610436000,2,0,156,37610000000,applied
37612000000,37610436000,2,1,156,37610000000,applied
37732000000,37730436000,1,2,166,37730000000,applied
37762000000,37760436000,0,1,185,37760000000,applied
37832000000,37830436000,2,1,157,37830000000,applied
37942000000,37940436000,1,0,167,37940000000,applied
37942000000,37940436000,1,2,167,37940000000,applied
37972000000,37970436000,0,2,186,37970000000,applied
38072000000,38070436000,2,1,158,38070000000,applied
38182000000,38180436000,0,2,187,38180000000,applied
38302000000,38300436000,2,1,159,38300000000,applied
38392000000,38390436000,0,1,188,38390000000,applied
38392000000,38390436000,0,2,188,38390000000,applied
38462000000,38460436000,1,0,169,38460000000,applied
38462000000,38460436000,1,2,169,38460000000,applied
38542000000,38540436000,2,0,160,38540000000,applied
38602000000,38600436000,0,1,189,38600000000,applied
38602000000,38600436000,0,2,189,38600000000,applied
38652000000,38650436000,1,2,170,38650000000,applied
38722000000,38720436000,2,0,161,38720000000,applied
38722000000,38720436000,2,1,161,38720000000,applied
38842000000,38840436000,1,0,171,38840000000,applied
38842000000,38840436000,1,2,171,38840000000,applied
38902000000,38900436000,2,0,162,38900000000,applied
38902000000,38900436000,2,1,162,38900000000,applied
39022000000,39020436000,0,1,191,39020000000,applied
39022000000,39020436000,0,2,191,39020000000,applied
39072000000,39070436000,1,0,172,39070000000,applied
39132000000,39130436000,2,0,163,39130000000,applied
39132000000,39130436000,2,1,163,39130000000,applied
39262000000,39260436000,1,0,173,39260000000,applied
39262000000,39260436000,1,2,173,39260000000,applied
39372000000,39370436000,2,0,164,39370000000,applied
39372000000,39370436000,2,1,164,39370000000,applied
39442000000,39440436000,0,1,193,39440000000,applied
39442000000,39440436000,0,2,193,39440000000,applied
39592000000,39590436000,2,0,165,39590000000,applied
39592000000,39590436000,2,1,165,39590000000,applied
39652000000,39650436000,0,1,194,39650000000,applied
39652000000,39650436000,0,2,194,39650000000,applied
39682000000,39680436000,1,0,175,39680000000,applied
39682000000,39680436000,1,2,175,39680000000,applied
39802000000,39800436000,2,0,166,39800000000,applied
39802000000,39800436000,2,1,166,39800000000,applied
39862000000,39860436000,0,1,195,39860000000,applied
39862000000,39860436000,0,2,195,39860000000,applied
39872000000,39870436000,1,0,176,39870000000,applied
39992000000,39990436000,2,0,167,39990000000,applied
39992000000,39990436000,2,1,167,39990000000,applied
40062000000,40060436000,1,0,177,40060000000,applied
40062000000,40060436000,1,2,177,40060000000,applied
40072000000,40070436000,0,1,196,40070000000,applied
40202000000,40200436000,2,0,168,40200000000,applied
40202000000,40200436000,2,1,168,40200000000,applied
40282000000,40280436000,0,2,197,40280000000,applied
40442000000,40440436000,2,0,169,40440000000,applied
40442000000,40440436000,2,1,169,40440000000,applied
40482000000,40480436000,1,2,179,40480000000,applied
40492000000,40490436000,0,2,198,40490000000,applied
40632000000,40630436000,0,2,199,40630000000,applied
40662000000,40660436000,2,0,170,40660000000,applied
40662000000,40660436000,2,1,170,40660000000,applied
40732000000,40730436000,0,1,200,40730000000,applied
40782000000,40780436000,1,0,180,40780000000,applied
40782000000,40780436000,1,2,180,40780000000,applied
40832000000,40830436000,0,1,201,40830000000,applied
40832000000,40830436000,0,2,201,40830000000,applied
40892000000,40890436000,2,0,171,40890000000,applied
40932000000,40930436000,0,1,202,40930000000,applied
41032000000,41030436000,0,1,203,41030000000,applied
41032000000,41030436000,0,2,203,41030000000,applied
41032000000,41030436000,1,0,181,41030000000,applied
41032000000,41030436000,1,2,181,41030000000,applied
41132000000,41130436000,2,0,172,41130000000,applied
41132000000,41130436000,2,1,172,41130000000,applied
41252000000,41250436000,1,0,182,41250000000,applied
41252000000,41250436000,1,2,182,41250000000,applied
41342000000,41340436000,2,0,173,41340000000,applied
41412000000,41410436000,0,2,205,41410000000,applied
41542000000,41540436000,1,2,183,41540000000,applied
41592000000,41590436000,2,0,174,41590000000,applied
41622000000,41620436000,0,1,206,41620000000,applied
41622000000,41620436000,0,2,206,41620000000,applied
41822000000,41820436000,1,0,184,41820000000,applied
41832000000,41830436000,0,2,207,41830000000,applied
41932000000,41930436000,2,0,175,41930000000,applied
41932000000,41930436000,2,1,175,41930000000,applied
42042000000,42040436000,0,1,208,42040000000,applied
42042000000,42040436000,0,2,208,42040000000,applied
42102000000,42100436000,1,0,185,42100000000,applied
42102000000,42100436000,1,2,185,42100000000,applied
42252000000,42250436000,0,1,209,42250000000,applied
42252000000,42250436000,0,2,209,42250000000,applied
42382000000,42380436000,1,0,186,42380000000,applied
42382000000,42380436000,1,2,186,42380000000,applied
42472000000,42470436000,2,0,177,42470000000,applied
42472000000,42470436000,2,1,177,42470000000,applied
42672000000,42670436000,0,2,211,42670000000,applied
42712000000,42710436000,1,0,187,42710000000,applied
42712000000,42710436000,1,2,187,42710000000,applied
42762000000,42760436000,2,0,178,42760000000,applied
42762000000,42760436000,2,1,178,42760000000,applied
42882000000,42880436000,0,1,212,42880000000,applied
43042000000,43040436000,1,0,188,43040000000,applied
43092000000,43090436000,0,1,213,43090000000,applied
43092000000,43090436000,0,2,213,43090000000,applied
43162000000,43160436000,2,1,179,43160000000,applied
43292000000,43290436000,1,0,189,43290000000,applied
43292000000,43290436000,1,2,189,43290000000,applied
43302000000,43300436000,0,1,214,43300000000,applied
43482000000,43480436000,2,0,180,43480000000,applied
43512000000,43510436000,0,2,215,43510000000,applied
43532000000,43530436000,1,0,190,43530000000,applied
43722000000,43720436000,0,2,216,43720000000,applied
43782000000,43780436000,2,0,181,43780000000,applied
43842000000,43840436000,1,0,191,43840000000,applied
43932000000,43930436000,0,1,217,43930000000,applied
44102000000,44100436000,1,2,192,44100000000,applied
44142000000,44140436000,0,1,218,44140000000,applied
44142000000,44140436000,0,2,218,44140000000,applied
44162000000,44160436000,2,0,182,44160000000,applied
44162000000,44160436000,2,1,182,44160000000,applied
44322000000,44320436000,1,0,193,44320000000,applied
44322000000,44320436000,1,2,193,44320000000,applied
44382000000,44380436000,2,1,183,44380000000,applied
44562000000,44560436000,0,1,220,44560000000,applied
44572000000,44570436000,1,0,194,44570000000,applied
44572000000,44570436000,1,2,194,44570000000,applied
44612000000,44610436000,2,1,184,44610000000,applied
44772000000,44770436000,0,1,221,44770000000,applied
44772000000,44770436000,0,2,221,44770000000,applied
44782000000,44780436000,1,0,195,44780000000,applied
44782000000,44780436000,1,2,195,44780000000,applied
44842000000,44840436000,2,1,185,44840000000,applied
44982000000,44980436000,0,1,222,44980000000,applied
44982000000,44980436000,1,0,196,44980000000,applied
44982000000,44980436000,1,2,196,44980000000,applied
45052000000,45050436000,2,0,186,45050000000,applied
45192000000,45190436000,0,2,223,45190000000,applied
45312000000,45310436000,2,0,187,45310000000,applied
45312000000,45310436000,2,1,187,45310000000,applied
45402000000,45400436000,0,1,224,45400000000,applied
45402000000,45400436000,0,2,224,45400000000,applied
45612000000,45610436000,0,1,225,45610000000,applied
45622000000,45620436000,1,0,199,45620000000,applied
45622000000,45620436000,1,2,199,45620000000,applied
45652000000,45650436000,2,0,188,45650000000,applied
45652000000,45650436000,2,1,188,45650000000,applied
45822000000,45820436000,0,1,226,45820000000,applied
45832000000,45830436000,1,2,200,45830000000,applied
46032000000,46030436000,0,2,227,46030000000,applied
46032000000,46030436000,1,0,201,46030000000,applied
46032000000,46030436000,1,2,201,46030000000,applied
46062000000,46060436000,2,0,190,46060000000,applied
46242000000,46240436000,0,2,228,46240000000,applied
46282000000,46280436000,1,2,202,46280000000,applied
46322000000,46320436000,2,0,191,46320000000,applied
46322000000,46320436000,2,1,191,46320000000,applied
46452000000,46450436000,0,1,229,46450000000,applied
46452000000,46450436000,0,2,229,46450000000,applied
46542000000,46540436000,1,0,203,46540000000,applied
46542000000,46540436000,1,2,203,46540000000,applied
46622000000,46620436000,2,1,192,46620000000,applied
46662000000,46660436000,0,2,230,46660000000,applied
46742000000,46740436000,1,0,204,46740000000,applied
46742000000,46740436000,1,2,204,46740000000,applied
46832000000,46830436000,2,0,193,46830000000,applied
46832000000,46830436000,2,1,193,46830000000,applied
46872000000,46870436000,0,2,231,46870000000,applied
46982000000,46980436000,1,0,205,46980000000,applied
47082000000,47080436000,0,2,232,47080000000,applied
47082000000,47080436000,2,1,194,47080000000,applied
47292000000,47290436000,0,1,233,47290000000,applied
47292000000,47290436000,0,2,233,47290000000,applied
47302000000,47300436000,1,0,206,47300000000,applied
47302000000,47300436000,1,2,206,47300000000,applied
47382000000,47380436000,2,0,195,47380000000,applied
47382000000,47380436000,2,1,195,47380000000,applied
47502000000,47500436000,0,2,234,47500000000,applied
47602000000,47600436000,2,0,196,47600000000,applied
47682000000,47680436000,1,0,208,47680000000,applied
47682000000,47680436000,1,2,208,47680000000,applied
47712000000,47710436000,0,1,235,47710000000,applied
47832000000,47830436000,2,1,197,47830000000,applied
47862000000,47860436000,1,2,209,47860000000,applied
47922000000,47920436000,0,2,236,47920000000,applied
48032000000,48030436000,2,0,198,48030000000,applied
48032000000,48030436000,2,1,198,48030000000,applied
48062000000,48060436000,1,0,210,48060000000,applied
48062000000,48060436000,1,2,210,48060000000,applied
48132000000,48130436000,0,1,237,48130000000,applied
48132000000,48130436000,0,2,237,48130000000,applied
48232000000,48230436000,2,1,199,48230000000,applied
48252000000,48250436000,1,0,211,48250000000,applied
48252000000,48250436000,1,2,211,48250000000,applied
48342000000,48340436000,0,1,238,48340000000,applied
48342000000,48340436000,0,2,238,48340000000,applied
48422000000,48420436000,2,1,200,48420000000,applied
48432000000,48430436000,1,0,212,48430000000,applied
48432000000,48430436000,1,2,212,48430000000,applied
48552000000,48550436000,0,1,239,48550000000,applied
48602000000,48600436000,2,1,201,48600000000,applied
48622000000,48620436000,1,2,213,48620000000,applied
48762000000,48760436000,0,1,240,48760000000,applied
48762000000,48760436000,0,2,240,48760000000,applied
48782000000,48780436000,2,0,202,48780000000,applied
48782000000,48780436000,2,1,202,48780000000,applied
48812000000,48810436000,1,0,214,48810000000,applied
48812000000,48810436000,1,2,214,48810000000,applied
48972000000,48970436000,0,2,241,48970000000,applied
49002000000,49000436000,1,0,215,49000000000,applied
49002000000,49000436000,1,2,215,49000000000,applied
49182000000,49180436000,0,1,242,49180000000,applied
49182000000,49180436000,0,2,242,49180000000,applied
49182000000,49180436000,2,0,204,49180000000,applied
49182000000,49180436000,2,1,204,49180000000,applied
49232000000,49230436000,1,0,216,49230000000,applied
49232000000,49230436000,1,2,216,49230000000,applied
49392000000,49390436000,0,1,243,49390000000,applied
49392000000,49390436000,0,2,243,49390000000,applied
49392000000,49390436000,2,0,205,49390000000,applied
49392000000,49390436000,2,1,205,49390000000,applied
49422000000,49420436000,1,0,217,49420000000,applied
49422000000,49420436000,1,2,217,49420000000,applied
49602000000,49600436000,0,2,244,49600000000,applied
49612000000,49610436000,2,0,206,49610000000,applied
49612000000,49610436000,2,1,206,49610000000,applied
49622000000,49620436000,1,2,218,49620000000,applied
49812000000,49810436000,0,1,245,49810000000,applied
49822000000,49820436000,2,0,207,49820000000,applied
49822000000,49820436000,2,1,207,49820000000,applied
49852000000,49850436000,1,0,219,49850000000,applied
49852000000,49850436000,1,2,219,49850000000,applied
50022000000,50020436000,0,1,246,50020000000,applied
50022000000,50020436000,0,2,246,50020000000,applied
50042000000,50040436000,1,0,220,50040000000,applied
50042000000,50040436000,1,2,220,50040000000,applied
50052000000,50050436000,2,0,208,50050000000,applied
50052000000,50050436000,2,1,208,50050000000,applied
50232000000,50230436000,0,1,247,50230000000,applied
50232000000,50230436000,0,2,247,50230000000,applied
50232000000,50230436000,1,0,221,50230000000,applied
50232000000,50230436000,1,2,221,50230000000,applied
50262000000,50260436000,2,0,209,50260000000,applied
50262000000,50260436000,2,1,209,50260000000,applied
50432000000,50430436000,1,2,222,50430000000,applied
50482000000,50480436000,2,0,210,50480000000,applied
50482000000,50480436000,2,1,210,50480000000,applied
50652000000,50650436000,0,1,249,50650000000,applied
50652000000,50650436000,0,2,249,50650000000,applied
50672000000,50670436000,1,0,223,50670000000,applied
50692000000,50690436000,2,0,211,50690000000,applied
50862000000,50860436000,0,1,250,50860000000,applied
50862000000,50860436000,1,2,224,50860000000,applied
50942000000,50940436000,2,0,212,50940000000,applied
50942000000,50940436000,2,1,212,50940000000,applied
51062000000,51060436000,1,0,225,51060000000,applied
51072000000,51070436000,0,1,251,51070000000,applied
51072000000,51070436000,0,2,251,51070000000,applied
51152000000,51150436000,2,1,213,51150000000,applied
51262000000,51260436000,1,0,226,51260000000,applied
51262000000,51260436000,1,2,226,51260000000,applied
51282000000,51280436000,0,1,252,51280000000,applied
51372000000,51370436000,2,1,214,51370000000,applied
51462000000,51460436000,1,0,227,51460000000,applied
51462000000,51460436000,1,2,227,51460000000,applied
51492000000,51490436000,0,1,253,51490000000,applied
51562000000,51560436000,2,0,215,51560000000,applied
51662000000,51660436000,1,2,228,51660000000,applied
51702000000,51700436000,0,2,254,51700000000,applied
51772000000,51770436000,2,0,216,51770000000,applied
51772000000,51770436000,2,1,216,51770000000,applied
51892000000,51890436000,1,0,229,51890000000,applied
51912000000,51910436000,0,1,255,51910000000,applied
51912000000,51910436000,0,2,255,51910000000,applied
51992000000,51990436000,2,1,217,51990000000,applied
52102000000,52100436000,1,2,230,52100000000,applied
52342000000,52340436000,1,0,231,52340000000,applied
52342000000,52340436000,1,2,231,52340000000,applied
52452000000,52450436000,2,0,219,52450000000,applied
52542000000,52540436000,0,1,258,52540000000,applied
52542000000,52540436000,0,2,258,52540000000,applied
52702000000,52700436000,2,0,220,52700000000,applied
52702000000,52700436000,2,1,220,52700000000,applied
52802000000,52800436000,1,0,233,52800000000,applied
52802000000,52800436000,1,2,233,52800000000,applied
52922000000,52920436000,2,0,221,52920000000,applied
52922000000,52920436000,2,1,221,52920000000,applied
52962000000,52960436000,0,1,260,52960000000,applied
52962000000,52960436000,0,2,260,52960000000,applied
53022000000,53020436000,1,0,234,53020000000,applied
53022000000,53020436000,1,2,234,53020000000,applied
53092000000,53090436000,2,1,222,53090000000,applied
53172000000,53170436000,0,1,261,53170000000,applied
53212000000,53210436000,1,0,235,53210000000,applied
53212000000,53210436000,1,2,235,53210000000,applied
53302000000,53300436000,2,1,223,53300000000,applied
53382000000,53380436000,0,1,262,53380000000,applied
53382000000,53380436000,0,2,262,53380000000,applied
53532000000,53530436000,2,0,224,53530000000,applied
53592000000,53590436000,0,1,263,53590000000,applied
53592000000,53590436000,0,2,263,53590000000,applied
53592000000,53590436000,1,0,237,53590000000,applied
53592000000,53590436000,1,2,237,53590000000,applied
53732000000,53730436000,2,0,225,53730000000,applied
53732000000,53730436000,2,1,225,53730000000,applied
53792000000,53790436000,1,2,238,53790000000,applied
53802000000,53800436000,0,1,264,53800000000,applied
53922000000,53920436000,2,0,226,53920000000,applied
53922000000,53920436000,2,1,226,53920000000,applied
53982000000,53980436000,1,2,239,53980000000,applied
54012000000,54010436000,0,1,265,54010000000,applied
54012000000,54010436000,0,2,265,54010000000,applied
54102000000,54100436000,2,0,227,54100000000,applied
54172000000,54170436000,1,2,240,54170000000,applied
54222000000,54220436000,0,1,266,54220000000,applied
54222000000,54220436000,0,2,266,54220000000,applied
54432000000,54430436000,0,1,267,54430000000,applied
54432000000,54430436000,0,2,267,54430000000,applied
54482000000,54480436000,2,0,229,54480000000,applied
54572000000,54570436000,1,2,242,54570000000,applied
54642000000,54640436000,0,1,268,54640000000,applied
54682000000,54680436000,2,0,230,54680000000,applied
54682000000,54680436000,2,1,230,54680000000,applied
54772000000,54770436000,1,0,243,54770000000,applied
54852000000,54850436000,0,1,269,54850000000,applied
54852000000,54850436000,0,2,269,54850000000,applied
54882000000,54880436000,2,0,231,54880000000,applied
54882000000,54880436000,2,1,231,54880000000,applied
54972000000,54970436000,1,2,244,54970000000,applied
55062000000,55060436000,0,1,270,55060000000,applied
55062000000,55060436000,0,2,270,55060000000,applied
55082000000,55080436000,2,0,232,55080000000,applied
55082000000,55080436000,2,1,232,55080000000,applied
55172000000,55170436000,1,2,245,55170000000,applied
55272000000,55270436000,0,1,271,55270000000,applied
55272000000,55270436000,2,0,233,55270000000,applied
55272000000,55270436000,2,1,233,55270000000,applied
55372000000,55370436000,1,2,246,55370000000,applied
55462000000,55460436000,2,0,234,55460000000,applied
55662000000,55660436000,2,1,235,55660000000,applied
55692000000,55690436000,0,1,273,55690000000,applied
55692000000,55690436000,0,2,273,55690000000,applied
55902000000,55900436000,0,1,274,55900000000,applied
55902000000,55900436000,0,2,274,55900000000,applied
55912000000,55910436000,2,0,236,55910000000,applied
56022000000,56020436000,1,0,249,56020000000,applied
56022000000,56020436000,1,2,249,56020000000,applied
56112000000,56110436000,0,1,275,56110000000,applied
56112000000,56110436000,0,2,275,56110000000,applied
56142000000,56140436000,2,0,237,56140000000,applied
56142000000,56140436000,2,1,237,56140000000,applied
56222000000,56220436000,1,0,250,56220000000,applied
56222000000,56220436000,1,2,250,56220000000,applied
56322000000,56320436000,0,1,276,56320000000,applied
56322000000,56320436000,2,0,238,56320000000,applied
56522000000,56520436000,2,0,239,56520000000,applied
56522000000,56520436000,2,1,239,56520000000,applied
56532000000,56530436000,0,1,277,56530000000,applied
56532000000,56530436000,0,2,277,56530000000,applied
56622000000,56620436000,1,0,252,56620000000,applied
56622000000,56620436000,1,2,252,56620000000,applied
56722000000,56720436000,2,0,240,56720000000,applied
56722000000,56720436000,2,1,240,56720000000,applied
56842000000,56840436000,1,2,253,56840000000,applied
56922000000,56920436000,2,1,241,56920000000,applied
56952000000,56950436000,0,1,279,56950000000,applied
56952000000,56950436000,0,2,279,56950000000,applied
57062000000,57060436000,1,2,254,57060000000,applied
57142000000,57140436000,2,0,242,57140000000,applied
57142000000,57140436000,2,1,242,57140000000,applied
57162000000,57160436000,0,2,280,57160000000,applied
57282000000,57280436000,1,0,255,57280000000,applied
57282000000,57280436000,1,2,255,57280000000,applied
57332000000,57330436000,2,0,243,57330000000,applied
57332000000,57330436000,2,1,243,57330000000,applied
57372000000,57370436000,0,2,281,57370000000,applied
57562000000,57560436000,1,0,256,57560000000,applied
57792000000,57790436000,0,1,283,57790000000,applied
57792000000,57790436000,0,2,283,57790000000,applied
57872000000,57870436000,1,0,257,57870000000,applied
57872000000,57870436000,1,2,257,57870000000,applied
57872000000,57870436000,2,0,245,57870000000,applied
57872000000,57870436000,2,1,245,57870000000,applied
58002000000,58000436000,0,1,284,58000000000,applied
58002000000,58000436000,0,2,284,58000000000,applied
58052000000,58050436000,1,0,258,58050000000,applied
58072000000,58070436000,2,0,246,58070000000,applied
58212000000,58210436000,0,1,285,58210000000,applied
58212000000,58210436000,0,2,285,58210000000,applied
58232000000,58230436000,1,0,259,58230000000,applied
58232000000,58230436000,1,2,259,58230000000,applied
58292000000,58290436000,2,0,247,58290000000,applied
58292000000,58290436000,2,1,247,58290000000,applied
58412000000,58410436000,1,0,260,58410000000,applied
58422000000,58420436000,0,1,286,58420000000,applied
58422000000,58420436000,0,2,286,58420000000,applied
58482000000,58480436000,2,0,248,58480000000,applied
58592000000,58590436000,1,0,261,58590000000,applied
58592000000,58590436000,1,2,261,58590000000,applied
58692000000,58690436000,0,1,287,58690000000,applied
58692000000,58690436000,0,2,287,58690000000,applied
58692000000,58690436000,2,0,249,58690000000,applied
58692000000,58690436000,2,1,249,58690000000,applied
58782000000,58780436000,0,1,288,58780000000,applied
58782000000,58780436000,0,2,288,58780000000,applied
58852000000,58850436000,1,0,262,58850000000,applied
58852000000,58850436000,1,2,262,58850000000,applied
58882000000,58880436000,0,1,289,58880000000,applied
58882000000,58880436000,2,0,250,58880000000,applied
58882000000,58880436000,2,1,250,58880000000,applied
59082000000,59080436000,0,1,291,59080000000,applied
59082000000,59080436000,0,2,291,59080000000,applied
59102000000,59100436000,1,0,263,59100000000,applied
59102000000,59100436000,1,2,263,59100000000,applied
59122000000,59120436000,2,0,251,59120000000,applied
59122000000,59120436000,2,1,251,59120000000,applied
59322000000,59320436000,2,0,252,59320000000,applied
59322000000,59320436000,2,1,252,59320000000,applied
59462000000,59460436000,0,1,293,59460000000,applied
59462000000,59460436000,0,2,293,59460000000,applied
59562000000,59560436000,2,0,253,59560000000,applied
59562000000,59560436000,2,1,253,59560000000,applied
59572000000,59570436000,1,0,265,59570000000,applied
59672000000,59670436000,0,1,294,59670000000,applied
59672000000,59670436000,0,2,294,59670000000,applied
59832000000,59830436000,1,0,266,59830000000,applied
59832000000,59830436000,1,2,266,59830000000,applied
59862000000,59860436000,2,0,254,59860000000,applied
59862000000,59860436000,2,1,254,59860000000,applied
59882000000,59880436000,0,1,295,59880000000,applied
59882000000,59880436000,0,2,295,59880000000,applied
